{"cameraMode":{"drawMode":0,"name":"Shaded","section":"Shading Mode"},"sceneLighting":true,"audioPlay":false,"sceneViewState":{"m_AlwaysRefresh":false,"showFog":true,"showSkybox":true,"showFlares":true,"showImageEffects":true,"showParticleSystems":true,"showVisualEffectGraphs":true,"m_FxEnabled":true},"in2DMode":false,"pivot":{"x":18.36595916748047,"y":2.474011182785034,"z":1.7799997329711915},"rotation":{"x":-0.030675530433654786,"y":-0.708138108253479,"z":0.030823392793536187,"w":-0.7047359347343445},"size":1.8785542249679566,"orthographic":true}