{"cameraMode":{"drawMode":0,"name":"Shaded","section":"Shading Mode"},"sceneLighting":true,"audioPlay":false,"sceneViewState":{"m_AlwaysRefresh":false,"showFog":true,"showSkybox":true,"showFlares":true,"showImageEffects":true,"showParticleSystems":true,"showVisualEffectGraphs":true,"m_FxEnabled":true},"in2DMode":false,"pivot":{"x":12.787344932556153,"y":5.950502395629883,"z":8.201530456542969},"rotation":{"x":0.13486939668655396,"y":-0.22385422885417939,"z":0.031295813620090488,"w":0.9647438526153565},"size":2.774585008621216,"orthographic":true}